Country_Name,Country_Code,2000,2001,2002,2003,2004,2005,2006,2007,2008,2009,2010,2011,2012,2013,2014,2015,2016,2017,2018
Afghanistan,AFG,0.004489215,0.006374088,0.014634682,0.023504751,0.032512283,0.044001561,0.054364636,0.065803398,0.081003465,0.089212563,0.085962949,0.09310454,0.130044923,0.132637719,0.163621851,0.141672215,0.180795165,0.185798595,0.183993581
Albania,ALB,0.218421541,0.230950932,0.242821795,0.247619375,0.257196548,0.269393609,0.273600385,0.291121296,0.286356359,0.317465563,0.345351666,0.366461298,0.393062357,0.398277956,0.385084326,0.390668068,0.381895515,0.38977856,0.369652682
Algeria,DZA,0.166486782,0.171745879,0.177423081,0.182907996,0.196722953,0.219867892,0.227778691,0.2443861,0.238558777,0.245920548,0.253603211,0.261576117,0.268052651,0.278684243,0.281764981,0.291254215,0.299628294,0.305393675,0.309978958
Angola,AGO,0.077702485,0.097636836,0.105566226,0.110781212,0.111409285,0.115006618,0.117139775,0.130538447,0.128064517,0.131414955,0.138365647,0.149115141,0.155742051,0.157265531,0.164569313,0.168216554,0.153924363,0.165806319,0.140741196
Argentina,ARG,0.323863089,0.344568204,0.342679337,0.348125745,0.365216701,0.377037327,0.383145673,0.39401921,0.396435492,0.406505004,0.43791772,0.454342547,0.462491337,0.470043041,0.454000648,0.46526191,0.458214205,0.460549637,0.448844215
Armenia,ARM,0.249772372,0.249635268,0.251637487,0.258685203,0.261965685,0.265991452,0.28304897,0.296340029,0.280910803,0.309872821,0.369329807,0.371065473,0.370252785,0.373785552,0.381678331,0.388981493,0.386230554,0.388829182,0.390701843
Australia,AUS,0.554371084,0.57406806,0.562362479,0.561372675,0.573808262,0.577589587,0.558320878,0.557927513,0.544748083,0.54673343,0.561767571,0.575362512,0.570553576,0.572188793,0.555542606,0.558735123,0.546425347,0.536042937,0.535987365
Austria,AUT,0.464986331,0.48518381,0.468421092,0.474043521,0.496925187,0.506048471,0.492319469,0.501760771,0.49878331,0.497396305,0.5255314,0.539326999,0.547372545,0.540696057,0.522309263,0.530956858,0.497000002,0.498189772,0.495123276
Azerbaijan,AZE,0.232192476,0.243451746,0.254181321,0.256508755,0.262509543,0.26927231,0.275843795,0.284162652,0.287763788,0.30302115,0.342428449,0.357193771,0.379160483,0.412489652,0.397799773,0.394362883,0.381189398,0.381496341,0.386099375
"Bahamas, The",BHS,0.283745567,0.295288257,0.31532007,0.31315496,0.332663559,0.338100003,0.32199612,0.342410722,0.331738764,0.32148269,0.348241068,0.356843544,0.366643327,0.364678966,0.36705244,0.366190125,0.371535125,0.374613038,0.379223212
Bahrain,BHR,0.297402826,0.319292977,0.325564254,0.337920529,0.354301761,0.354026182,0.349087349,0.367053352,0.399090299,0.39066098,0.41084017,0.448616712,0.482093148,0.4831231,0.477525896,0.485341899,0.499074634,0.466865472,0.45967422
Bangladesh,BGD,0.092593065,0.099889633,0.103870496,0.108317592,0.108480114,0.115956899,0.127818668,0.128561842,0.13855036,0.14280422,0.152523408,0.166227136,0.174969661,0.181284794,0.191264564,0.208018779,0.214726059,0.236013513,0.238290242
Barbados,BRB,0.343283037,0.360323984,0.396380593,0.422189812,0.459678334,0.459951418,0.44811055,0.451424356,0.450745339,0.46119906,0.467666571,0.463576337,0.467555123,0.460564153,0.44531595,0.453890554,0.447394937,0.442720711,0.444522668
Belarus,BLR,0.31943233,0.331163363,0.343344382,0.353093795,0.36754935,0.38433698,0.385794577,0.39338866,0.388779196,0.403371681,0.430208749,0.449845747,0.46595849,0.480721483,0.471359231,0.471500486,0.468593929,0.469238163,0.474880938
Belgium,BEL,0.44094265,0.454221703,0.46342788,0.460124097,0.473327925,0.474615356,0.453860835,0.45968721,0.45033754,0.45632828,0.477225462,0.486988464,0.486720391,0.483297286,0.478379625,0.480011969,0.462486509,0.454117818,0.453876061
Belize,BLZ,0.195661505,0.207149987,0.211425551,0.216571736,0.225370863,0.241272914,0.255397703,0.248416076,0.254971618,0.257054273,0.267997019,0.280035178,0.269286313,0.268761143,0.270184954,0.273384494,0.282298288,0.28582189,0.301625983
Benin,BEN,0.088092314,0.092060935,0.096618536,0.099526145,0.102395044,0.102670395,0.105394786,0.112100686,0.119071427,0.125723309,0.149383775,0.154982708,0.159222756,0.163003381,0.155511378,0.158546015,0.153376422,0.155885481,0.164794168
Bhutan,BTN,0.109608557,0.125912791,0.134754435,0.135464632,0.153904286,0.166233754,0.168217047,0.188448547,0.188037384,0.195715584,0.209906128,0.228671332,0.245784817,0.248916831,0.264439455,0.291169651,0.297760018,0.305420172,0.307836185
Bolivia,BOL,0.170773229,0.182671272,0.180565168,0.193864073,0.204520474,0.198649045,0.205880074,0.213898349,0.229627375,0.240940192,0.262990866,0.294933672,0.295285467,0.297847535,0.288852506,0.280578986,0.274977144,0.28930086,0.299622633
Bosnia and Herzegovina,BIH,0.21943556,0.236360968,0.24387084,0.252202288,0.277505705,0.286526101,0.283164785,0.297069401,0.312092139,0.307762492,0.317753314,0.320953136,0.324640778,0.330194194,0.326901564,0.328643894,0.329852192,0.341247754,0.348952654
Botswana,BWA,0.111957928,0.116766814,0.125589169,0.134221753,0.142577594,0.145497001,0.152399337,0.164420969,0.174943995,0.189066091,0.209354395,0.232294782,0.256440634,0.286186116,0.293292628,0.299062969,0.28245901,0.291732836,0.295630436
Brazil,BRA,0.258761065,0.292609306,0.306762963,0.3186955,0.338060729,0.348651628,0.353140687,0.362304743,0.378270033,0.391635326,0.404272586,0.423951707,0.437073571,0.442572199,0.442453878,0.446274294,0.430413736,0.430428407,0.428340059
Brunei Darussalam,BRN,0.28962279,0.338033178,0.334564717,0.340620866,0.36239416,0.372765137,0.372530323,0.382771288,0.388535519,0.39221058,0.421158304,0.419065485,0.412231729,0.415864285,0.399571726,0.427671137,0.431428684,0.477813925,0.414989333
Bulgaria,BGR,0.305829454,0.328843525,0.332478659,0.338410396,0.363045673,0.375573029,0.386792235,0.411912584,0.413827183,0.416350004,0.427244133,0.432422278,0.442906492,0.441727567,0.424636968,0.426063336,0.414307007,0.418258103,0.419255685
Burkina Faso,BFA,0.073280979,0.074769452,0.074983031,0.07688409,0.075390993,0.074354618,0.072741117,0.073028989,0.074928707,0.073068998,0.097447065,0.104638643,0.112494315,0.128622894,0.124991212,0.119543327,0.1146497,0.125664979,0.122012439
Burundi,BDI,0.067134145,0.068765007,0.071123933,0.072863307,0.073106604,0.070339627,0.070271295,0.067373666,0.065873695,0.065278447,0.069004679,0.068112596,0.065795427,0.065431335,0.069746333,0.089673046,0.085851494,0.081519233,0.114031128
Cabo Verde,CPV,0.056237417,0.061758316,0.142488331,0.152033268,0.1612686,0.16814253,0.171371683,0.182252144,0.206275314,0.218231312,0.255108348,0.262131691,0.268750869,0.284859949,0.297220494,0.300286055,0.305481077,0.316584977,0.318336735
Cambodia,KHM,0.101000475,0.112703408,0.119460201,0.121406536,0.127653994,0.122104194,0.140094731,0.146353515,0.140502944,0.165832682,0.169597819,0.2183346,0.24236097,0.249549591,0.250313925,0.257792655,0.293011611,0.303802482,0.318396333
Cameroon,CMR,0.132521106,0.143719375,0.143189134,0.146366725,0.149467784,0.15124848,0.153397537,0.154255733,0.156176581,0.157366477,0.162195739,0.169574564,0.180278414,0.191789808,0.205245312,0.211712786,0.206074997,0.211189576,0.206958884
Canada,CAN,0.54864763,0.569641106,0.549250552,0.545606033,0.551001495,0.547830413,0.527691123,0.522781388,0.518057114,0.521169094,0.520733377,0.525752982,0.524707791,0.519229262,0.504915584,0.508174265,0.49312481,0.494192447,0.494860969
Central African Republic,CAF,0.069542342,0.102069085,0.10276361,0.104123195,0.103583078,0.102136878,0.098344384,0.100515254,0.112573713,0.120133368,0.124294142,0.072261531,0.077140809,0.078507807,0.082274001,0.091433676,0.103832811,0.139300611,0.141127965
Chad,TCD,0.050054,0.05054472,0.051434796,0.052455342,0.051237234,0.051745959,0.052103488,0.052965485,0.054882583,0.054336126,0.056867333,0.058389175,0.057981126,0.05729661,0.05925231,0.056268643,0.05746469,0.061472859,0.061846835
Chile,CHL,0.313056964,0.333484703,0.337359244,0.347616935,0.362716231,0.376925711,0.372533913,0.380977651,0.377045163,0.385173141,0.416610123,0.439343554,0.450890465,0.45695466,0.452129615,0.469304636,0.468798795,0.460848773,0.466541059
China,CHN,0.306433691,0.386012069,0.402028401,0.422713751,0.447366975,0.469583227,0.477687336,0.49547874,0.521813681,0.554751366,0.589228039,0.607149851,0.618566979,0.626662506,0.634090749,0.653171837,0.642988402,0.654465218,0.665030289
Colombia,COL,0.256702973,0.263673934,0.268374266,0.276840042,0.284490437,0.307479474,0.309895962,0.31960822,0.330450696,0.338353987,0.359451001,0.371060218,0.392010343,0.402254603,0.403151574,0.416232133,0.410083808,0.416493056,0.417599946
Comoros,COM,0.054246953,0.061248644,0.065803532,0.071074534,0.076641544,0.082043216,0.0870611,0.093667096,0.100293303,0.105855379,0.124141785,0.130531304,0.134610319,0.138340294,0.142201889,0.149367397,0.144255487,0.203253123,0.150701748
"Congo, Dem. Rep.",COD,0.066719694,0.06764938,0.069244568,0.07098822,0.071389295,0.066073861,0.068629814,0.072097239,0.066958088,0.062425341,0.064033192,0.064799922,0.065208299,0.067575617,0.070549436,0.072195847,0.064104696,0.070740703,0.069219929
"Congo, Rep.",COG,0.090124681,0.094789175,0.098829486,0.103906761,0.108380335,0.11324637,0.118321902,0.125209024,0.132813337,0.140900786,0.161376956,0.166236396,0.166580742,0.178698274,0.181041912,0.193529972,0.189369883,0.192338657,0.194483992
Costa Rica,CRI,0.240604733,0.350336542,0.37189259,0.381100092,0.389843115,0.400491853,0.399693108,0.406493287,0.408750953,0.424401247,0.429442416,0.455845217,0.485537409,0.497037004,0.47559807,0.450471927,0.446316951,0.464466612,0.466045652
Cote d'Ivoire,CIV,0.113707601,0.144033431,0.147723357,0.146407956,0.147671098,0.156810582,0.151987747,0.168492647,0.181726358,0.177331629,0.165450456,0.199345838,0.177830614,0.182232344,0.210874982,0.222457498,0.226829585,0.24570719,0.252488556
Croatia,HRV,0.313293395,0.352414748,0.367227585,0.376358588,0.400312011,0.414598625,0.406675848,0.419090095,0.405090199,0.409934702,0.4318218,0.435813995,0.447706888,0.449338497,0.434762708,0.434919523,0.428547059,0.410025051,0.420613146
Cuba,CUB,0.217304333,0.221640707,0.227674113,0.239443718,0.271772609,0.28350719,0.31360169,0.327671632,0.32790599,0.330493329,0.317934855,0.302101082,0.286555502,0.277844382,0.269004333,0.27633753,0.282497393,0.30566487,0.311448283
Cyprus,CYP,0.350735502,0.425622465,0.44509714,0.463172833,0.486908631,0.48588941,0.465773548,0.480463892,0.48270253,0.490481744,0.514112542,0.504377125,0.470281098,0.461667605,0.464213705,0.470751397,0.46592562,0.48397338,0.503651937
Czech Republic,CZE,0.352898069,0.405969649,0.429454861,0.44539495,0.4630654,0.468156038,0.461371168,0.466017665,0.475087518,0.470977164,0.486857148,0.495659576,0.498683184,0.488610258,0.477006057,0.471508697,0.452719008,0.458580575,0.463481972
Denmark,DNK,0.523839666,0.552972906,0.575637938,0.584243186,0.605763784,0.605766027,0.577754614,0.565925999,0.546439418,0.540108328,0.535276319,0.547327625,0.549642183,0.539550206,0.524421568,0.527013266,0.507066531,0.496208687,0.495923034
Djibouti,DJI,0.116686961,0.119880574,0.114023648,0.124352051,0.125858174,0.126603517,0.125237303,0.12747723,0.130393623,0.132841159,0.138840097,0.142666477,0.140615996,0.143726771,0.146212484,0.149047638,0.150724195,0.207111289,0.207645598
Dominican Republic,DOM,0.230866157,0.257977963,0.265736209,0.26696773,0.274836828,0.285562486,0.290597893,0.3050074,0.299634072,0.30666042,0.323650702,0.336025934,0.345474142,0.352809256,0.34383486,0.357795887,0.365749848,0.38251827,0.392139813
Ecuador,ECU,0.255453244,0.267472057,0.272364594,0.276104232,0.287174597,0.299896199,0.30264209,0.306119219,0.315820877,0.317182634,0.344147364,0.335706906,0.343378908,0.353588131,0.355124936,0.355203156,0.360165177,0.365682892,0.362509357
"Egypt, Arab Rep.",EGY,0.197340339,0.200182684,0.206269988,0.20761918,0.223704731,0.234132842,0.232221656,0.244282623,0.2494613,0.25574652,0.274786884,0.281921218,0.291304162,0.29612294,0.291502557,0.291743564,0.288718047,0.291972985,0.288801627
El Salvador,SLV,0.212016142,0.226331187,0.226883907,0.233674738,0.243547969,0.25212649,0.261972177,0.289004976,0.292396806,0.294913043,0.308054802,0.321104177,0.32939164,0.335494608,0.327639281,0.32926096,0.326060493,0.333086217,0.337952897
Equatorial Guinea,GNQ,0.12553393,0.127278147,0.130459573,0.13258537,0.135546575,0.138458972,0.136615232,0.136998519,0.136350765,0.134789846,0.152054051,0.162764452,0.163282052,0.164448965,0.164581529,0.166278687,0.167141234,0.167313477,0.166910761
Eritrea,ERI,0.104549502,0.109411933,0.114059684,0.116421622,0.117960296,0.11865473,0.117776037,0.115322339,0.113904339,0.112018319,0.112571172,0.113000557,0.111077592,0.110364974,0.111381148,0.110646096,0.110371792,0.113509433,0.113159001
Estonia,EST,0.425865605,0.445608327,0.458318873,0.472268172,0.497824494,0.513642403,0.503239838,0.501990012,0.486112134,0.473789004,0.501991333,0.534641166,0.540838015,0.530837379,0.522946762,0.529353687,0.504565164,0.498023707,0.497806679
Eswatini,SWZ,0.064773022,0.069800503,0.07068628,0.078096271,0.088336909,0.094739731,0.094416647,0.108730628,0.121508266,0.121097661,0.139641642,0.159232227,0.165189683,0.178227526,0.18491332,0.185064441,0.191211712,0.221671454,0.227029494
Ethiopia,ETH,0.08325003,0.111061329,0.113307524,0.116196565,0.116692349,0.097375856,0.115434717,0.174575936,0.115004975,0.114996954,0.117650418,0.102424472,0.123414088,0.12646444,0.132597882,0.143391143,0.161595164,0.255375707,0.253732717
Fiji,FJI,0.182918724,0.194234021,0.205518225,0.208429028,0.214636302,0.222332383,0.224837519,0.250850129,0.250392366,0.257967725,0.269760159,0.286749328,0.294442971,0.297504734,0.289757701,0.300847701,0.305957348,0.309318863,0.312965673
Finland,FIN,0.538206853,0.57697687,0.589348306,0.587054784,0.594175894,0.589433842,0.571489212,0.565587213,0.560888255,0.541943825,0.553826838,0.557026949,0.553250709,0.518255886,0.497407835,0.49102742,0.473077694,0.469548978,0.470221
France,FRA,0.422270357,0.482366392,0.474913417,0.480451365,0.489478471,0.49185591,0.475263954,0.498882491,0.499695823,0.503884866,0.525572063,0.528262865,0.538523781,0.529662574,0.519501621,0.520283382,0.498051381,0.49890936,0.498465053
Gabon,GAB,0.132307923,0.137176895,0.146656816,0.149548575,0.162763733,0.180772447,0.178400476,0.190649919,0.192763409,0.195561535,0.219886084,0.249466984,0.260907835,0.269606775,0.277839193,0.28229559,0.28063,0.288153665,0.295249646
"Gambia, The",GMB,0.073350664,0.078389469,0.083713522,0.082567493,0.094126987,0.092162699,0.105682122,0.123372451,0.136430927,0.138560386,0.155087169,0.158054276,0.150086476,0.177046452,0.171367295,0.183759174,0.183656127,0.184264314,0.192501259
Georgia,GEO,0.285574469,0.303508243,0.309177367,0.317820397,0.317401438,0.324921461,0.314357726,0.320578537,0.312695947,0.311975612,0.350070826,0.369672281,0.381852562,0.397024537,0.401250694,0.415090729,0.415071849,0.414816328,0.419617731
Germany,DEU,0.519580005,0.540757279,0.553508092,0.556243823,0.575152126,0.582252335,0.561039383,0.567475025,0.559772547,0.556616058,0.558743556,0.557932704,0.559702073,0.558382017,0.548180263,0.550217974,0.532449307,0.530881174,0.530562846
Ghana,GHA,0.129635395,0.136598251,0.14029198,0.14131526,0.148870326,0.153035404,0.155163566,0.165187606,0.174668723,0.181784459,0.195307327,0.203900958,0.236328211,0.240080825,0.260141686,0.261855788,0.273501191,0.278568686,0.297057053
Greece,GRC,0.387503702,0.419322081,0.440478201,0.439619217,0.459997705,0.474253135,0.467321777,0.463229081,0.464555703,0.472330767,0.48732531,0.500478219,0.509261188,0.503040832,0.501015784,0.51418744,0.504004399,0.50738751,0.507339046
Guatemala,GTM,0.152320988,0.166798698,0.180536087,0.18642642,0.195709861,0.205889826,0.219435136,0.238062194,0.246987557,0.251844969,0.267305349,0.273184391,0.294171069,0.295304936,0.267798938,0.288419511,0.291599474,0.336488855,0.339387707
Guinea,GIN,0.056432836,0.060817824,0.063922915,0.066708501,0.068656376,0.068013325,0.078250804,0.086981895,0.091257378,0.092942006,0.099802462,0.10597418,0.103756274,0.12055622,0.132414904,0.136082733,0.130476019,0.144220359,0.154459747
Guinea-Bissau,GNB,0.06375194,0.064116529,0.065849684,0.066923247,0.068733955,0.070083874,0.082263026,0.077192442,0.083168555,0.073280334,0.0791759,0.087719301,0.097747955,0.092876218,0.096726631,0.102568642,0.101983694,0.109317949,0.111421776
Guyana,GUY,0.177537006,0.191853586,0.186249237,0.191551686,0.201528297,0.212343105,0.208723884,0.227242466,0.21936232,0.222464978,0.247581064,0.247345893,0.250309512,0.252736808,0.250803156,0.251309455,0.252667744,0.258859377,0.249988231
Haiti,HTI,0.091823424,0.090949035,0.096253417,0.098174357,0.10808925,0.109718686,0.111302338,0.120474541,0.122368467,0.121200183,0.123853339,0.125481893,0.135104781,0.143262928,0.139463004,0.142742974,0.133436675,0.136785322,0.163429568
Honduras,HND,0.160430859,0.15965118,0.161954254,0.169000638,0.17564725,0.183931503,0.190512691,0.208087896,0.222289329,0.235652861,0.256549503,0.248369376,0.248117709,0.257599682,0.256299043,0.268211713,0.268754613,0.271462688,0.279510935
Hungary,HUN,0.314652354,0.394295559,0.41039735,0.42938483,0.454799895,0.476573873,0.47108776,0.479335665,0.480714986,0.474211414,0.485523051,0.489706302,0.480329476,0.465591243,0.450024306,0.438093109,0.432026461,0.430930788,0.429578592
Iceland,ISL,0.549107448,0.664779436,0.693546783,0.698267392,0.707681175,0.698554834,0.674124991,0.666943414,0.6208326,0.586246717,0.57557305,0.581385465,0.564634906,0.555330866,0.551030565,0.556628058,0.543611831,0.546570514,0.53925675
India,IND,0.151664635,0.16531878,0.177309622,0.183251935,0.186866373,0.19431895,0.196764847,0.20516768,0.21563538,0.228287312,0.243682462,0.250414692,0.26624083,0.268938254,0.280815769,0.284399172,0.289789507,0.310196251,0.317113874
Indonesia,IDN,0.215759076,0.23236915,0.233368226,0.23612526,0.242093247,0.240672253,0.246708219,0.258010063,0.278191111,0.283643588,0.309885599,0.323081522,0.338341198,0.338641415,0.333020825,0.340604349,0.343274456,0.368382429,0.354983967
"Iran, Islamic Rep.",IRN,0.186153715,0.199646624,0.208571727,0.21962461,0.230099762,0.242326106,0.245917034,0.263655509,0.276177626,0.284116373,0.302425208,0.317780361,0.325313176,0.337389157,0.350098153,0.36064097,0.370336419,0.384561861,0.390364757
Iraq,IRQ,0.145083909,0.145822548,0.148585674,0.151181881,0.154839473,0.157476502,0.172936831,0.183276617,0.184150363,0.186209761,0.197598084,0.204350178,0.209417408,0.221031723,0.22129028,0.276725949,0.223118793,0.255753775,0.291802634
Ireland,IRL,0.425504701,0.494498332,0.491307566,0.504297678,0.520575368,0.530177686,0.525608723,0.530895128,0.513641389,0.4938255,0.498927828,0.520024685,0.521431542,0.512124071,0.505355153,0.517925437,0.50363181,0.497524119,0.488241311
Israel,ISR,0.431049608,0.438008169,0.439653023,0.43204412,0.444941863,0.44891572,0.427915887,0.457856037,0.476722558,0.488902447,0.497281684,0.499427195,0.505756292,0.490979724,0.482528686,0.501035419,0.47666604,0.476041165,0.480390076
Italy,ITA,0.434493076,0.454237917,0.448128641,0.445825127,0.467187856,0.473552667,0.460707457,0.467142489,0.454348336,0.451536628,0.470803865,0.473066826,0.474749459,0.47165829,0.446042876,0.445534714,0.434390215,0.434031328,0.444954439
Jamaica,JAM,0.236547588,0.24954694,0.265777488,0.27578999,0.287086356,0.285768454,0.282193391,0.298817017,0.296085177,0.292182197,0.310806595,0.316916782,0.311115644,0.318417084,0.317658457,0.32258736,0.328546981,0.343144792,0.342236321
Japan,JPN,0.582758955,0.630435785,0.624633077,0.616573249,0.635306914,0.634092681,0.610174298,0.609452692,0.594506657,0.600738397,0.604588037,0.590869218,0.581288967,0.577392684,0.565280499,0.567403622,0.548405707,0.541533558,0.550261266
Jordan,JOR,0.193950158,0.20715221,0.213280143,0.217382208,0.232614338,0.250911442,0.250731683,0.262891858,0.262256584,0.268640531,0.27548894,0.286713791,0.300779026,0.305411697,0.303794787,0.335645142,0.302909895,0.296974002,0.29579675
Kazakhstan,KAZ,0.278318827,0.332581145,0.339609548,0.344108374,0.352608306,0.367538748,0.381321597,0.388904747,0.404897201,0.421536367,0.458783511,0.489952511,0.537673945,0.53915108,0.51673182,0.525148802,0.472502749,0.466194174,0.465254627
Kenya,KEN,0.07676179,0.08805399,0.091466532,0.088726916,0.098015649,0.100953406,0.107184028,0.117003579,0.128106333,0.121019614,0.128830675,0.158900997,0.163916329,0.167425078,0.161180774,0.173750598,0.203177127,0.205617748,0.228135086
"Korea, Dem. People’s Rep.",PRK,0.167413436,0.167395804,0.168585948,0.172630504,0.173479369,0.173542736,0.172715063,0.168274055,0.163137018,0.165127468,0.168893159,0.170403589,0.169004896,0.168963482,0.169674117,0.170170007,0.171959767,0.174259628,0.176432682
"Korea, Rep.",KOR,0.558187602,0.626911202,0.615387066,0.616222021,0.638783732,0.641749787,0.63022879,0.634178703,0.623825434,0.626966364,0.6461484,0.635771172,0.627598528,0.616272677,0.605422929,0.615185176,0.588969108,0.600234433,0.609317457
Kuwait,KWT,0.293273193,0.311874855,0.320963265,0.338125225,0.351424139,0.34009218,0.32449419,0.335871088,0.339011552,0.369738002,0.418475989,0.441611104,0.448507577,0.476552922,0.483368168,0.474222725,0.469691327,0.483730028,0.488075182
Kyrgyz Republic,KGZ,0.248354734,0.265049405,0.269152414,0.266609245,0.268462674,0.2821907,0.289874954,0.294106331,0.303550759,0.310057235,0.311235061,0.330001638,0.340401774,0.34080623,0.335986124,0.358828327,0.362516812,0.363544091,0.342052018
Lao PDR,LAO,0.132048414,0.147357272,0.150864344,0.1558888,0.165078219,0.175966972,0.177589828,0.188848488,0.201140193,0.218180216,0.233288882,0.255627749,0.257893552,0.268810869,0.302514755,0.337628805,0.322494479,0.340787762,0.346812191
Latvia,LVA,0.340722589,0.371043221,0.407515714,0.41895991,0.452513472,0.471658926,0.468528619,0.469186849,0.4612514,0.457750572,0.460560028,0.463913975,0.480562051,0.484344997,0.472898597,0.491944472,0.480316253,0.484271358,0.481330749
Lebanon,LBN,0.242822026,0.245662189,0.242787502,0.249886137,0.253726628,0.257028757,0.267565333,0.274068444,0.274794838,0.310036563,0.382161046,0.333839043,0.341520721,0.348698164,0.345938585,0.344533856,0.343877459,0.346611704,0.335488149
Lesotho,LSO,0.079724063,0.07787708,0.085054631,0.088467886,0.092628734,0.096883874,0.095957314,0.103158389,0.105380954,0.104297863,0.115443162,0.132705384,0.142180558,0.162047437,0.177639302,0.183776803,0.188388455,0.189896802,0.206717902
Liberia,LBR,0.093764829,0.091494333,0.089580853,0.089319224,0.086971931,0.084152957,0.081528366,0.084221175,0.079968589,0.078987446,0.089214,0.092496155,0.10099259,0.101830276,0.108901516,0.15536493,0.11621025,0.115875455,0.116430556
Libya,LBY,0.225062298,0.233445938,0.242158825,0.243797516,0.248164272,0.26493341,0.274108433,0.274066393,0.291558603,0.304351569,0.332816006,0.318757485,0.291645866,0.316408021,0.288514303,0.297540475,0.269456947,0.253469926,0.247977616
Lithuania,LTU,0.340900536,0.37610701,0.403629231,0.431837537,0.460612566,0.494893764,0.4854353,0.492194629,0.489215067,0.487531857,0.502664521,0.504749697,0.506355506,0.486980726,0.470294137,0.471660257,0.463605142,0.472945114,0.481248499
Luxembourg,LUX,0.368798934,0.417608892,0.419621331,0.437254739,0.447689425,0.45241697,0.45143936,0.453414875,0.441643152,0.448181501,0.460019214,0.465138255,0.46640432,0.463430855,0.451399485,0.456330359,0.437744921,0.436878492,0.435806868
Madagascar,MDG,0.101632113,0.105384895,0.105454656,0.113779617,0.10638898,0.104637862,0.104911662,0.105638819,0.110776181,0.11267081,0.116098015,0.134172751,0.111612544,0.100963106,0.111608003,0.111154806,0.106531628,0.114295014,0.118721907
Malawi,MWI,0.069435197,0.073723447,0.074402613,0.075543931,0.075466711,0.073816101,0.068055143,0.072111262,0.071862212,0.074973602,0.07466524,0.116842729,0.074596469,0.097649937,0.083389387,0.078973846,0.115573204,0.108931007,0.110995839
Malaysia,MYS,0.311891588,0.397152364,0.402277128,0.410185132,0.43007216,0.444778964,0.429181601,0.4398646,0.4667837,0.483310357,0.493093895,0.511905519,0.530096388,0.50820264,0.507257824,0.530661336,0.507443971,0.519425401,0.52437501
Maldives,MDV,0.149296092,0.163534771,0.176759163,0.188227272,0.209558471,0.236700818,0.248498288,0.268555155,0.296147318,0.298739073,0.311991056,0.329043309,0.341923284,0.35862321,0.362310551,0.379827276,0.387437957,0.405204946,0.398229262
Mali,MLI,0.061274628,0.069298692,0.072796127,0.077452673,0.080677726,0.083902909,0.082660771,0.092036693,0.097375806,0.098788408,0.116760706,0.12904711,0.13105254,0.160861417,0.174832752,0.17763267,0.163113705,0.162694175,0.169783094
Malta,MLT,0.313100631,0.45303814,0.465650813,0.47006681,0.471457904,0.485852132,0.4638637,0.481981136,0.485116058,0.493850314,0.510825588,0.540170651,0.540682298,0.513816493,0.494727591,0.494782866,0.4667821,0.499334294,0.509507904
Mauritania,MRT,0.022863257,0.053906418,0.056251923,0.060185897,0.066042396,0.062347526,0.074891023,0.089552238,0.094411447,0.090754268,0.108412403,0.116800044,0.127607836,0.127517652,0.124523009,0.12627616,0.123933839,0.133007354,0.138694014
Mauritius,MUS,0.258792375,0.286931668,0.287640114,0.294987491,0.304160762,0.31456976,0.308486058,0.317229487,0.320229866,0.308551521,0.330675412,0.344416851,0.355306463,0.366243663,0.367200309,0.377252278,0.373744717,0.386119156,0.395211747
Mexico,MEX,0.249631626,0.292467945,0.301625599,0.304959466,0.317452226,0.328319231,0.326097602,0.329853849,0.338759232,0.347569446,0.361153469,0.373530975,0.381169548,0.37657918,0.366839813,0.38818267,0.384969584,0.397099935,0.400684805
Moldova,MDA,0.118621201,0.127901505,0.258224342,0.26855391,0.280455088,0.288305309,0.29299649,0.297348567,0.297843199,0.292101444,0.316899945,0.332942762,0.336131557,0.353980961,0.359539683,0.363983452,0.352690186,0.357714622,0.35090545
Mongolia,MNG,0.194519581,0.223999133,0.22900249,0.241535056,0.24856278,0.270877833,0.263923068,0.269214692,0.280768854,0.293583893,0.307947586,0.319497579,0.35016661,0.335202108,0.345833675,0.321193971,0.335009028,0.325128248,0.369967818
Montenegro,MNE,0.20108952,0.21765777,0.215553847,0.216077067,0.315170353,0.344736776,0.341415125,0.378162475,0.403500788,0.450664719,0.425125336,0.442642475,0.440318962,0.434586676,0.440325109,0.451605303,0.426120233,0.42615591,0.43495932
Morocco,MAR,0.148084437,0.161796362,0.168588092,0.176363209,0.198535557,0.211244922,0.237601691,0.231359215,0.250906728,0.264286845,0.301523809,0.305529277,0.324720359,0.336474879,0.32435171,0.333508221,0.324458702,0.331416115,0.338212081
Mozambique,MOZ,0.089070843,0.118660395,0.122518841,0.122864478,0.124931931,0.125606362,0.124887776,0.121440091,0.131561125,0.138616759,0.149905837,0.161140322,0.166249981,0.141436319,0.138206221,0.143579765,0.127201628,0.132800914,0.124496989
Myanmar,MMR,0.155537825,0.155008091,0.156771238,0.154007413,0.152430554,0.149695306,0.147166967,0.141976254,0.13919156,0.137618509,0.132941894,0.141185078,0.146516577,0.1528824,0.176951999,0.213400845,0.227124841,0.246864473,0.252361852
Namibia,NAM,0.095389745,0.110805812,0.112645257,0.11883968,0.1246147,0.132367199,0.133442635,0.144381379,0.13924835,0.155514233,0.178122454,0.182902492,0.197456709,0.213596416,0.209407401,0.214036946,0.215785067,0.241155551,0.238172325
Nepal,NPL,0.133136782,0.130418906,0.145104067,0.150604564,0.147599258,0.158665961,0.164884097,0.170500645,0.173394701,0.177249941,0.206077194,0.214318938,0.233988966,0.253783182,0.264616291,0.275949488,0.289106924,0.319774705,0.329794695
Netherlands,NLD,0.520680459,0.563794378,0.560166747,0.555452192,0.570944688,0.581176421,0.561279751,0.565936249,0.556208524,0.553300437,0.559990883,0.573713044,0.574724326,0.564877532,0.545463891,0.550982613,0.524378393,0.528780106,0.530171317
New Zealand,NZL,0.508538276,0.528448212,0.516285763,0.509032885,0.518683598,0.519907587,0.507310512,0.505620516,0.493567982,0.497174722,0.506935628,0.510781072,0.509557231,0.503989696,0.498133247,0.50925746,0.502750457,0.506141192,0.50615216
Nicaragua,NIC,0.169893639,0.181411657,0.186193237,0.19149782,0.196964556,0.198955245,0.205865446,0.213143347,0.208478546,0.221401235,0.233916558,0.249635037,0.247759788,0.261405711,0.261045976,0.26655486,0.272717247,0.281709494,0.275516636
Niger,NER,0.068050637,0.0979925,0.098825066,0.099548148,0.098944438,0.093781877,0.094160868,0.094538737,0.104865374,0.109085447,0.088705076,0.086898242,0.10073094,0.192949007,0.192120791,0.106401475,0.06867664,0.079254508,0.070270491
Nigeria,NGA,0.103711275,0.109573302,0.111522857,0.122139429,0.118484784,0.126814414,0.132410918,0.137240971,0.144289863,0.145795588,0.146310254,0.161351035,0.161864506,0.169765377,0.16686566,0.187845363,0.170702028,0.179030619,0.187753685
North Macedonia,MKD,0.248846685,0.258062243,0.287682824,0.300862921,0.318420889,0.324327601,0.31354792,0.344903215,0.35845884,0.360549198,0.372410965,0.383055934,0.383615485,0.389877517,0.382830696,0.382027601,0.371881262,0.376167301,0.381818603
Norway,NOR,0.565729557,0.599298557,0.590523114,0.589788757,0.594585327,0.589915134,0.558924939,0.554387764,0.54408069,0.536487394,0.546849679,0.551205605,0.546270839,0.533704975,0.521758336,0.523066298,0.500738663,0.499387136,0.496439619
Oman,OMN,0.207574019,0.22000281,0.224591798,0.22907407,0.238534375,0.256314292,0.263547184,0.291949195,0.303948387,0.323878343,0.355337287,0.379617383,0.404392056,0.416412985,0.423703145,0.434195653,0.428105991,0.423536369,0.415917253
Pakistan,PAK,0.115573862,0.122341056,0.125286864,0.131014861,0.136276392,0.141121127,0.146481874,0.157066606,0.162866191,0.16304331,0.168602545,0.173555987,0.177772526,0.18065884,0.178325644,0.177016718,0.172888742,0.177265104,0.17792379
Panama,PAN,0.267786036,0.266391937,0.266389801,0.281092807,0.290958838,0.298312698,0.300449,0.318141761,0.339685072,0.368573479,0.382965296,0.47999655,0.41195215,0.411193571,0.398541555,0.391275812,0.382233703,0.391815193,0.400892565
Papua New Guinea,PNG,0.08031086,0.098142885,0.097421358,0.096194872,0.093858789,0.090706169,0.076493201,0.08532636,0.092084274,0.083460298,0.088323858,0.112725363,0.087703828,0.091139055,0.097306144,0.105640281,0.109833021,0.119715235,0.124820481
Paraguay,PRY,0.219557464,0.243533256,0.263553907,0.26061248,0.270416019,0.275860944,0.281403218,0.300583687,0.31832531,0.327913705,0.32266891,0.341767238,0.350606395,0.357589314,0.351320319,0.358542782,0.356957147,0.364208915,0.378765888
Peru,PER,0.228111607,0.242237988,0.250352313,0.256565636,0.270340531,0.271908063,0.287833301,0.311842597,0.327975156,0.338148475,0.370750869,0.384897036,0.378132703,0.381354565,0.380311006,0.388623496,0.391998414,0.402103912,0.408308178
Philippines,PHL,0.205744773,0.262220962,0.265996692,0.268001812,0.290306399,0.278467628,0.277360956,0.286029037,0.302412596,0.316848184,0.355825765,0.389484836,0.409230072,0.415146071,0.422949413,0.426993763,0.428850691,0.4476615,0.460291628
Poland,POL,0.336990633,0.359331782,0.381706483,0.38907731,0.413901498,0.43131043,0.428436644,0.434448568,0.434110746,0.44135385,0.463083046,0.463931389,0.470837994,0.476404998,0.470257386,0.467364739,0.455355673,0.453464329,0.453545132
Portugal,PRT,0.420726216,0.442666172,0.442351027,0.458725818,0.466457819,0.469964165,0.450089415,0.45872521,0.449763443,0.425330076,0.445996042,0.452373607,0.456155134,0.452766495,0.442728348,0.442777689,0.43572582,0.442233949,0.444562986
Puerto Rico,PRI,0.362628647,0.368800896,0.362719235,0.358459604,0.362677832,0.361858118,0.351941383,0.350120693,0.354173879,0.358500987,0.382035435,0.38493423,0.406515811,0.403646038,0.395005162,0.390451371,0.391542856,0.393605651,0.393909048
Qatar,QAT,0.315475162,0.326691637,0.336743871,0.356128163,0.369551133,0.385154417,0.380769812,0.393748107,0.390833463,0.403535361,0.4300146,0.428342609,0.433035497,0.469373249,0.464459138,0.48636591,0.464932099,0.471468853,0.472907054
Romania,ROU,0.29205387,0.308443169,0.30474768,0.315031206,0.339865962,0.357141146,0.362227792,0.381399962,0.398497904,0.40964101,0.423598949,0.413133675,0.40009041,0.39642359,0.394209268,0.397868033,0.389534344,0.396803457,0.406198
Russian Federation,RUS,0.344135616,0.366480712,0.380476621,0.396789232,0.421148485,0.446574892,0.443165556,0.457304288,0.455235324,0.465978132,0.499864794,0.490890717,0.509417686,0.51784258,0.509877107,0.517528022,0.508774828,0.50397735,0.507376478
Rwanda,RWA,0.091248934,0.152800122,0.155476209,0.158958967,0.159771254,0.152764944,0.160084165,0.159459226,0.174141021,0.20312502,0.127385245,0.152325798,0.13429953,0.144926975,0.16283601,0.184857316,0.181964711,0.191336591,0.192745966
Samoa,WSM,0.139908852,0.144288817,0.14674274,0.15179555,0.156799526,0.161641116,0.165293408,0.174827101,0.177734466,0.176702055,0.18263518,0.188832238,0.190522036,0.193773185,0.202806669,0.210407674,0.219727084,0.210975464,0.218539249
Sao Tome and Principe,STP,0.110104553,0.114210344,0.117348263,0.123790345,0.130960163,0.132976766,0.134823431,0.139899665,0.147393092,0.152379994,0.168798354,0.177207019,0.208173839,0.210265082,0.186918858,0.311174507,0.321701781,0.269711046,0.288322569
Saudi Arabia,SAU,0.207099741,0.21840122,0.227777976,0.240537729,0.254704075,0.273477278,0.284149433,0.31801764,0.330803141,0.34206765,0.375469486,0.394268925,0.408885655,0.423109946,0.418344036,0.424006584,0.417373441,0.409413967,0.423176328
Senegal,SEN,0.076199484,0.089621005,0.088775705,0.098313501,0.097492824,0.114644406,0.122514535,0.124340547,0.135328237,0.16196164,0.144162331,0.148605781,0.155549708,0.164851939,0.174595803,0.188862971,0.181204792,0.202003177,0.211940861
Serbia,SRB,0.248753672,0.259623688,0.255526323,0.259873483,0.354296965,0.361824653,0.357502835,0.376919705,0.373838092,0.369047606,0.37824447,0.385634844,0.38826806,0.397850648,0.399860333,0.400615113,0.398793123,0.402658293,0.407048898
Sierra Leone,SLE,0.058483686,0.05990216,0.060119674,0.060854026,0.071695047,0.064068333,0.062946054,0.06205587,0.059259778,0.058287888,0.060883306,0.062112073,0.062785035,0.073597537,0.085158027,0.092334788,0.097885391,0.10008144,0.101839072
Singapore,SGP,0.522847938,0.613016697,0.604428489,0.606481874,0.626142937,0.621430499,0.594757342,0.615561571,0.622590478,0.613892738,0.634413273,0.637132975,0.640234807,0.638543939,0.615231752,0.632843051,0.603247442,0.612923689,0.613684718
Slovak Republic,SVK,0.320274103,0.345598947,0.392773753,0.401731394,0.427253288,0.430454896,0.417919718,0.440383821,0.428839043,0.428643904,0.450422783,0.448595532,0.455389935,0.453870147,0.44465159,0.443204035,0.433087167,0.435736733,0.432334215
Slovenia,SVN,0.413764199,0.459610628,0.457636086,0.455345795,0.491959026,0.499168105,0.487113673,0.486475956,0.472325921,0.472156933,0.490749841,0.481092628,0.481066346,0.479446,0.461079496,0.4597345,0.445825803,0.452124887,0.454390404
Solomon Islands,SLB,0.093095084,0.100239636,0.104456207,0.108313138,0.110413538,0.111385509,0.102766558,0.096670003,0.115996045,0.106523895,0.128750688,0.151640649,0.158056447,0.161481751,0.171413256,0.182483766,0.179226494,0.188109461,0.193622428
Somalia,SOM,0.009831,0.009447761,0.01867822,0.023426688,0.028541924,0.029979741,0.031243032,0.031928142,0.032855475,0.032065968,0.033421289,0.038040618,0.037975701,0.052148235,0.053702765,0.055021968,0.056156958,0.058961591,0.060857921
South Africa,ZAF,0.189110207,0.204139194,0.216666575,0.222711383,0.235927795,0.253576075,0.247228085,0.252071151,0.247745742,0.24412452,0.269723545,0.302372738,0.319211395,0.332882517,0.329242479,0.345041337,0.325997875,0.334886355,0.344760283
South Sudan,SSD,0.058622553,0.058620793,0.058875223,0.059264209,0.057876962,0.055534186,0.053413009,0.049792595,0.047181201,0.04668133,0.051905679,0.055549016,0.057752614,0.067342661,0.070501621,0.073831951,0.075816425,0.081281637,0.088259706
Spain,ESP,0.413703414,0.431946142,0.437053208,0.467712392,0.481005818,0.490958377,0.473959518,0.47682655,0.468517953,0.467874878,0.487498329,0.494900459,0.497025488,0.496141865,0.48915361,0.491793134,0.480690894,0.486139698,0.486269016
Sri Lanka,LKA,0.170357967,0.174518702,0.196948545,0.190614714,0.194271928,0.19879946,0.203430973,0.21289389,0.222462167,0.23356413,0.246415902,0.254221666,0.259695302,0.272483642,0.276897302,0.268991213,0.274117579,0.302047476,0.310055526
St. Lucia,LCA,0.231391316,0.245226594,0.260591549,0.306888337,0.317062767,0.314535787,0.29920278,0.316465322,0.330408526,0.33000648,0.33538339,0.352997867,0.351080661,0.352711053,0.340302381,0.342015592,0.34310012,0.346926451,0.346212916
St. Vincent and the Grenadines,VCT,0.235022436,0.245950955,0.248103335,0.280960762,0.290796233,0.293197174,0.292646528,0.309596418,0.316370393,0.317526803,0.332326239,0.338839388,0.341067457,0.349179443,0.343959025,0.3039532,0.298991543,0.301869312,0.297265532
Sudan,SDN,0.057535304,0.075390419,0.079156012,0.080450691,0.085168944,0.088085805,0.098322267,0.10685143,0.114983574,0.106784343,0.137494318,0.148367454,0.154499284,0.156737612,0.154739673,0.160098031,0.141742061,0.166467314,0.170988866
Suriname,SUR,0.199648942,0.22686474,0.230287051,0.237902155,0.248222368,0.249195196,0.248020712,0.265308454,0.304350387,0.32387858,0.302983727,0.292618251,0.34660238,0.350299052,0.362416862,0.329560369,0.348664924,0.331334718,0.318997394
Sweden,SWE,0.553309397,0.580348168,0.596363672,0.607121089,0.615930977,0.606444246,0.57648987,0.556738928,0.545175055,0.539180263,0.552157448,0.556070055,0.547185553,0.533766893,0.51510606,0.514660089,0.491663019,0.493618306,0.485805221
Switzerland,CHE,0.525878251,0.572268029,0.56218946,0.561182713,0.567007944,0.563842704,0.544619872,0.545878803,0.544889411,0.546061279,0.555657764,0.565893067,0.569840248,0.563591387,0.547891384,0.552294729,0.527413677,0.501434542,0.494735358
Syrian Arab Republic,SYR,0.156747132,0.160913485,0.165124638,0.178557892,0.186246397,0.191474771,0.205940604,0.204429553,0.206068047,0.211567487,0.229635684,0.235841445,0.243739877,0.246752011,0.25814928,0.26331688,0.254584601,0.261581151,0.26308035
Tajikistan,TJK,0.155885227,0.156028245,0.157805008,0.162233329,0.164640168,0.168246881,0.189089883,0.193501308,0.203706843,0.212200833,0.225175612,0.228061878,0.23063757,0.23776784,0.237421149,0.239658404,0.243090214,0.246425833,0.245750733
Tanzania,TZA,0.096439304,0.101826923,0.104119292,0.106824936,0.107408119,0.108973903,0.109702881,0.109176005,0.107775596,0.10937035,0.118181952,0.127211641,0.140911648,0.124055809,0.129512861,0.151184106,0.146890377,0.161120755,0.174707746
Thailand,THA,0.285771236,0.363694508,0.378097245,0.384748999,0.394112299,0.403505438,0.408733436,0.416553163,0.412695097,0.421033499,0.428594324,0.436820043,0.442788014,0.437579626,0.435587919,0.451020564,0.452605806,0.464333967,0.469678078
Timor-Leste,TLS,0.068134114,0.099349681,0.097809792,0.105452231,0.105398136,0.106889393,0.108225245,0.10786809,0.115872432,0.130780229,0.130795025,0.156219984,0.16169029,0.171987427,0.221036455,0.230984924,0.244743351,0.25491454,0.2575741
Togo,TGO,0.106316086,0.11059617,0.113916317,0.117501911,0.119604407,0.120164236,0.120597929,0.1241671,0.125572758,0.128537584,0.128919629,0.141074107,0.141068646,0.150592171,0.154963919,0.156778098,0.166575484,0.170378981,0.174631209
Tonga,TON,0.171137089,0.172479048,0.177874733,0.185676168,0.192603598,0.20307035,0.203118034,0.212067495,0.212162359,0.216401582,0.225905554,0.238497008,0.263235386,0.26614742,0.25414271,0.262035462,0.261416167,0.281444987,0.282262391
Trinidad and Tobago,TTO,0.247788935,0.274840338,0.28441674,0.294794971,0.322713005,0.339240836,0.352483199,0.351017024,0.35313017,0.350641477,0.362338235,0.366626,0.378046242,0.384713874,0.37792003,0.385704272,0.382342614,0.379102607,0.378813441
Tunisia,TUN,0.196126982,0.216963064,0.221343743,0.237906642,0.258803899,0.275185427,0.279422077,0.285949582,0.298799538,0.313455879,0.333564944,0.345080436,0.34687285,0.341099261,0.343173135,0.346233777,0.333353647,0.349281277,0.349971391
Turkey,TUR,0.253380984,0.268340449,0.284488732,0.286114965,0.288049465,0.297273055,0.304719572,0.329331678,0.330386643,0.330166619,0.352694461,0.35346684,0.361271344,0.368162209,0.37078041,0.373484373,0.371961867,0.37908781,0.386826878
Turkmenistan,TKM,0.198262241,0.199889184,0.20105831,0.202096826,0.203309708,0.203240889,0.202529559,0.202046321,0.208147675,0.216288213,0.231438958,0.259174273,0.269298827,0.273618898,0.281131738,0.289254253,0.291072849,0.301960884,0.302084103
Uganda,UGA,0.054479396,0.05918015,0.059827438,0.064957108,0.066604053,0.063604166,0.06402996,0.074337768,0.087469615,0.080194421,0.095403083,0.156743272,0.155005901,0.098562019,0.110322878,0.105106489,0.117900162,0.128340718,0.142767826
Ukraine,UKR,0.302442922,0.312941418,0.319056119,0.328254935,0.346438287,0.372925033,0.38803489,0.396198938,0.387723207,0.389914043,0.406023289,0.419100115,0.433833127,0.440621815,0.437915114,0.4387739,0.420079952,0.420863089,0.419788533
United Arab Emirates,ARE,0.380414071,0.389044307,0.393033397,0.39843936,0.412214729,0.428568558,0.426200616,0.449699354,0.445575614,0.437723903,0.444359647,0.462861628,0.487102119,0.506958405,0.517759559,0.514786654,0.558441329,0.533402784,0.535306095
United Kingdom,GBR,0.519124561,0.554096943,0.580752369,0.583834051,0.587666451,0.589556408,0.559926156,0.563115703,0.551531437,0.548494412,0.564764477,0.567546112,0.569743393,0.559449767,0.541738498,0.54625371,0.530290439,0.529529959,0.52528384
United States,USA,0.750484979,0.801827567,0.796778296,0.790397826,0.796807579,0.797928289,0.78231904,0.789128747,0.775479416,0.759207064,0.770776804,0.752766435,0.747409393,0.720215812,0.711492941,0.717863412,0.707222562,0.69486463,0.679527371
Uruguay,URY,0.312530217,0.325798546,0.319737448,0.324052328,0.329219583,0.343837687,0.366539897,0.386940876,0.392407668,0.399801832,0.421781164,0.438116164,0.458701889,0.464355944,0.460643261,0.470794365,0.44846697,0.447160408,0.454206538
Uzbekistan,UZB,0.203601782,0.207117702,0.209875856,0.213101693,0.215240434,0.21010043,0.215941283,0.221792206,0.233928478,0.241250029,0.257315573,0.27054559,0.265200568,0.270448569,0.277755064,0.286462949,0.290676881,0.298170603,0.297542931
Vanuatu,VUT,0.098064496,0.101917419,0.109038739,0.113048204,0.116858359,0.117768517,0.11031101,0.120487921,0.123366468,0.136350947,0.160940525,0.148178152,0.150461719,0.127569753,0.162656742,0.17220352,0.185516611,0.194218929,0.195277688
"Venezuela, RB",VEN,0.26580007,0.275979166,0.280498882,0.27901894,0.293208756,0.320397503,0.339812265,0.363055084,0.372246504,0.375082617,0.389939407,0.393456452,0.405493416,0.411015429,0.401990722,0.403834237,0.385657162,0.386726742,0.379183003
Vietnam,VNM,0.224076748,0.245709845,0.250798974,0.257297569,0.274235836,0.292187702,0.298113584,0.31662659,0.340699424,0.360081909,0.389236481,0.425535849,0.451610345,0.449278017,0.450650228,0.457498492,0.444492414,0.465620441,0.489065653
"Yemen, Rep.",YEM,0.078768533,0.081217459,0.087044471,0.08837582,0.086195143,0.097169664,0.095837378,0.109261397,0.116013025,0.123700678,0.151274672,0.152417412,0.156704113,0.168266803,0.155591101,0.173279243,0.167511488,0.178994433,0.153321876
Zambia,ZMB,0.092434651,0.101177066,0.098188899,0.10065817,0.103982136,0.108034948,0.10898425,0.10395485,0.112309914,0.108935928,0.111249689,0.130082427,0.145005049,0.138394969,0.135185329,0.158612101,0.204305445,0.169568314,0.151029651
Zimbabwe,ZWE,0.132465292,0.161274016,0.163370472,0.166902162,0.167421842,0.165668839,0.164440415,0.160474802,0.166312926,0.154570396,0.165431083,0.171522869,0.207016194,0.196809224,0.172643486,0.189758882,0.193592408,0.19860229,0.191333404
